,Unnamed: 0,Player
0,0,Dave DeBusschere
1,1,Nate Thurmond
2,2,Bill Russell
3,3,Walt Frazier
4,4,Jerry Sloan
5,5,Dave DeBusschere
6,6,Gus Johnson
7,7,Willis Reed
8,8,Walt Frazier
9,9,Jerry West
10,10,Dave DeBusschere
11,11,Gus Johnson
12,12,Nate Thurmond
13,13,Walt Frazier
14,14,Jerry West
15,15,Dave DeBusschere
16,16,John Havlicek
17,17,Wilt Chamberlain
18,18,Jerry West
19,19,Walt Frazier
20,20,Jerry Sloan
21,21,Dave DeBusschere
22,22,John Havlicek
23,23,Wilt Chamberlain
24,24,Jerry West
25,25,Walt Frazier
26,26,Dave DeBusschere
27,27,John Havlicek
28,28,Kareem Abdul-Jabbar
29,29,Norm Van Lier
30,30,Walt Frazier
31,31,Jerry Sloan
32,32,John Havlicek
33,33,Paul Silas
34,34,Kareem Abdul-Jabbar
35,35,Jerry Sloan
36,36,Walt Frazier
37,37,Paul Silas
38,38,John Havlicek
39,39,Dave Cowens
40,40,Norm Van Lier
41,41,Slick Watts
42,42,Bobby Jones
43,43,EC Coleman
44,44,Bill Walton
45,45,Don Buse
46,46,Norm Van Lier
47,47,Bobby Jones
48,48,Maurice Lucas
49,49,Bill Walton
50,50,Bill Walton
51,51,Lionel Hollins
52,52,Don Buse
53,53,Bobby Jones
54,54,Bob Dandridge
55,55,Kareem Abdul-Jabbar
56,56,Dennis Johnson
57,57,Don Buse
58,58,Bobby Jones
59,59,Dan Roundfield
60,60,Kareem Abdul-Jabbar
61,61,Dennis Johnson
62,62,Don Buse
63,63,Micheal Ray Richardson
64,64,Bobby Jones
65,65,Caldwell Jones
66,66,Kareem Abdul-Jabbar
67,67,Dennis Johnson
68,68,Micheal Ray Richardson
69,69,Micheal Ray Richardson
70,70,Bobby Jones
71,71,Dan Roundfield
72,72,Caldwell Jones
73,73,Michael Cooper
74,74,Dennis Johnson
75,75,Bobby Jones
76,76,Dan Roundfield
77,77,Moses Malone
78,78,Sidney Moncrief
79,79,Dennis Johnson
80,80,Maurice Cheeks
81,81,Bobby Jones
82,82,Michael Cooper
83,83,Tree Rollins
84,84,Maurice Cheeks
85,85,Sidney Moncrief
86,86,Sidney Moncrief
87,87,Paul Pressey
88,88,Mark Eaton
89,89,Michael Cooper
90,90,Maurice Cheeks
91,91,Paul Pressey
92,92,Kevin McHale
93,93,Mark Eaton
94,94,Sidney Moncrief
95,95,Maurice Cheeks
96,96,Kevin McHale
97,97,Michael Cooper
98,98,Hakeem Olajuwon
99,99,Alvin Robertson
100,100,Dennis Johnson
101,101,Kevin McHale
102,102,Rodney McCray
103,103,Hakeem Olajuwon
104,104,Hakeem Olajuwon
105,105,Michael Cooper
106,106,Michael Jordan
107,107,Dennis Rodman
108,108,Larry Nance
109,109,Mark Eaton
110,110,Michael Jordan
111,111,Joe Dumars
112,112,Dennis Rodman
113,113,Buck Williams
114,114,Hakeem Olajuwon
115,115,Michael Jordan
116,116,Joe Dumars
117,117,Michael Jordan
118,118,Alvin Robertson
119,119,David Robinson
120,120,Dennis Rodman
121,121,Buck Williams
122,122,Dennis Rodman
123,123,Scottie Pippen
124,124,David Robinson
125,125,Michael Jordan
126,126,Joe Dumars
127,127,Scottie Pippen
128,128,Dennis Rodman
129,129,Hakeem Olajuwon
130,130,Michael Jordan
131,131,Joe Dumars
132,132,Scottie Pippen
133,133,Charles Oakley
134,134,Hakeem Olajuwon
135,135,Gary Payton
136,136,Mookie Blaylock
137,137,Scottie Pippen
138,138,Dennis Rodman
139,139,David Robinson
140,140,Gary Payton
141,141,Mookie Blaylock
142,142,Scottie Pippen
143,143,Dennis Rodman
144,144,David Robinson
145,145,Gary Payton
146,146,Michael Jordan
147,147,Scottie Pippen
148,148,Karl Malone
149,149,Dikembe Mutombo
150,150,Michael Jordan
151,151,Gary Payton
152,152,Scottie Pippen
153,153,Karl Malone
154,154,Dikembe Mutombo
155,155,Gary Payton
156,156,Michael Jordan
157,157,Tim Duncan
158,158,Jason Kidd
159,159,Alonzo Mourning
160,160,Gary Payton
161,161,Karl Malone
162,162,Scottie Pippen
163,163,Tim Duncan
164,164,Kevin Garnett
165,165,Alonzo Mourning
166,166,Gary Payton
167,167,Kobe Bryant
168,168,Tim Duncan
169,169,Kevin Garnett
170,170,Dikembe Mutombo
171,171,Gary Payton
172,172,Jason Kidd
173,173,Tim Duncan
174,174,Kevin Garnett
175,175,Ben Wallace
176,176,Gary Payton
177,177,Jason Kidd
178,178,Tim Duncan
179,179,Kevin Garnett
180,180,Ben Wallace
181,181,Doug Christie
182,182,Kobe Bryant
183,183,Metta World Peace
184,184,Kevin Garnett
185,185,Ben Wallace
186,186,Bruce Bowen
187,187,Kobe Bryant
188,188,Ben Wallace
189,189,Kevin Garnett
190,190,Bruce Bowen
191,191,Tim Duncan
192,192,Larry Hughes
193,193,Larry Hughes
194,194,Bruce Bowen
195,195,Ben Wallace
196,196,Andrei Kirilenko
197,197,Metta World Peace
198,198,Kobe Bryant
199,199,Jason Kidd
200,200,Bruce Bowen
201,201,Tim Duncan
202,202,Marcus Camby
203,203,Kobe Bryant
204,204,Raja Bell
205,205,Kevin Garnett
206,206,Kobe Bryant
207,207,Marcus Camby
208,208,Bruce Bowen
209,209,Tim Duncan
210,210,Dwight Howard
211,211,Kobe Bryant
212,212,LeBron James
213,213,Chris Paul
214,214,Kevin Garnett
215,215,Dwight Howard
216,216,Rajon Rondo
217,217,LeBron James
218,218,Kobe Bryant
219,219,Gerald Wallace
220,220,Dwight Howard
221,221,Rajon Rondo
222,222,LeBron James
223,223,Kobe Bryant
224,224,Kevin Garnett
225,225,LeBron James
226,226,Serge Ibaka
227,227,Dwight Howard
228,228,Chris Paul
229,229,Tony Allen
230,230,LeBron James
231,231,Serge Ibaka
232,232,Tyson Chandler
233,233,Joakim Noah
234,234,Tony Allen
235,235,Chris Paul
236,236,Joakim Noah
237,237,Paul George
238,238,Chris Paul
239,239,Serge Ibaka
240,240,Andre Iguodala
241,241,Kawhi Leonard
242,242,Draymond Green
243,243,Tony Allen
244,244,DeAndre Jordan
245,245,Chris Paul
246,246,Kawhi Leonard
247,247,Draymond Green
248,248,DeAndre Jordan
249,249,Avery Bradley
250,250,Chris Paul
251,251,Draymond Green
252,252,Rudy Gobert
253,253,Kawhi Leonard
254,254,Chris Paul
255,255,Patrick Beverley
256,256,Rudy Gobert
257,257,Anthony Davis
258,258,Victor Oladipo
259,259,Jrue Holiday
260,260,Robert Covington
261,261,Rudy Gobert
262,262,Paul George
263,263,Giannis Antetokounmpo
264,264,Marcus Smart
265,265,Eric Bledsoe
266,266,Giannis Antetokounmpo
267,267,Anthony Davis
268,268,Ben Simmons
269,269,Rudy Gobert
270,270,Marcus Smart
271,271,Rudy Gobert
272,272,Ben Simmons
273,273,Draymond Green
274,274,Jrue Holiday
275,275,Giannis Antetokounmpo
276,276,Marcus Smart
277,277,Mikal Bridges
278,278,Rudy Gobert
279,279,Giannis Antetokounmpo
280,280,Jaren Jackson Jr
281,281,Rudy LaRusso
282,282,Tom Sanders
283,283,John Havlicek
284,284,Jerry West
285,285,Bill Bridges
286,286,John Havlicek
287,287,Bill Bridges
288,288,Kareem Abdul-Jabbar
289,289,Joe Caldwell
290,290,Jerry Sloan
291,291,John Havlicek
292,292,Paul Silas
293,293,Kareem Abdul-Jabbar
294,294,Jerry Sloan
295,295,Norm Van Lier
296,296,Paul Silas
297,297,Bob Love
298,298,Nate Thurmond
299,299,Norm Van Lier
300,300,Don Chaney
301,301,Don Chaney
302,302,Paul Silas
303,303,Mike Riordan
304,304,Nate Thurmond
305,305,Norm Van Lier
306,306,Don Chaney
307,307,Elvin Hayes
308,308,Bob Love
309,309,Nate Thurmond
310,310,Don Chaney
311,311,Dick Van Arsdale
312,312,Jim Price
313,313,Elvin Hayes
314,314,Bob Love
315,315,Dave Cowens
316,316,Norm Van Lier
317,317,Don Chaney
318,318,Jim Brewer
319,319,Jamaal Wilkes
320,320,Kareem Abdul-Jabbar
321,321,Jim Cleamons
322,322,Phil Smith
323,323,Jim Brewer
324,324,Jamaal Wilkes
325,325,Kareem Abdul-Jabbar
326,326,Brian Taylor
327,327,Don Chaney
328,328,EC Coleman
329,329,Bob Gross
330,330,Kareem Abdul-Jabbar
331,331,Artis Gilmore
332,332,Norm Van Lier
333,333,Quinn Buckner
334,334,Maurice Lucas
335,335,ML Carr
336,336,Moses Malone
337,337,Lionel Hollins
338,338,Eddie Johnson
339,339,Scott Wedman
340,340,Kermit Washington
341,341,Dave Cowens
342,342,Quinn Buckner
343,343,Eddie Johnson
344,344,Eddie Johnson
345,345,Dan Roundfield
346,346,Kermit Washington
347,347,George Johnson
348,348,Quinn Buckner
349,349,Dudley Bradley
350,350,Michael Cooper
351,351,Larry Bird
352,352,Lonnie Shelton
353,353,Jack Sikma
354,354,Quinn Buckner
355,355,Sidney Moncrief
356,356,Larry Bird
357,357,Kevin McHale
358,358,Tree Rollins
359,359,Michael Cooper
360,360,TR Dunn
361,361,TR Dunn
362,362,Larry Bird
363,363,Dan Roundfield
364,364,Kareem Abdul-Jabbar
365,365,Dennis Johnson
366,366,TR Dunn
367,367,Bobby Jones
368,368,Danny Vranes
369,369,Hakeem Olajuwon
370,370,Dennis Johnson
371,371,TR Dunn
372,372,Michael Cooper
373,373,Bill Hanzlik
374,374,Manute Bol
375,375,Alvin Robertson
376,376,Dennis Johnson
377,377,Paul Pressey
378,378,Rodney McCray
379,379,Mark Eaton
380,380,Maurice Cheeks
381,381,Derek Harper
382,382,Buck Williams
383,383,Karl Malone
384,384,Mark Eaton
385,385,Patrick Ewing
386,386,Alvin Robertson
387,387,Fat Lever
388,388,Kevin McHale
389,389,AC Green
390,390,Patrick Ewing
391,391,John Stockton
392,392,Alvin Robertson
393,393,Kevin McHale
394,394,Rick Mahorn
395,395,David Robinson
396,396,Derek Harper
397,397,Alvin Robertson
398,398,Joe Dumars
399,399,John Stockton
400,400,Hakeem Olajuwon
401,401,Scottie Pippen
402,402,Dan Majerle
403,403,Larry Nance
404,404,Buck Williams
405,405,Patrick Ewing
406,406,John Stockton
407,407,Micheal Williams
408,408,Horace Grant
409,409,Larry Nance
410,410,David Robinson
411,411,Dan Majerle
412,412,John Starks
413,413,Dennis Rodman
414,414,Horace Grant
415,415,David Robinson
416,416,Nate McMillan
417,417,Latrell Sprewell
418,418,Horace Grant
419,419,Derrick McKey
420,420,Dikembe Mutombo
421,421,John Stockton
422,422,Nate McMillan
423,423,Horace Grant
424,424,Derrick McKey
425,425,Hakeem Olajuwon
426,426,Mookie Blaylock
427,427,Bobby Phills
428,428,Anthony Mason
429,429,PJ Brown
430,430,Hakeem Olajuwon
431,431,Mookie Blaylock
432,432,John Stockton
433,433,Tim Duncan
434,434,Charles Oakley
435,435,David Robinson
436,436,Mookie Blaylock
437,437,Eddie Jones
438,438,PJ Brown
439,439,Theo Ratliff
440,440,Dikembe Mutombo
441,441,Mookie Blaylock
442,442,Eddie Jones
443,443,Eddie Jones
444,444,Scottie Pippen
445,445,Clifford Robinson
446,446,Shaquille O'Neal
447,447,Eddie Jones
448,448,Jason Kidd
449,449,Bruce Bowen
450,450,PJ Brown
451,451,Shaquille O'Neal
452,452,Kobe Bryant
453,453,Doug Christie
454,454,Bruce Bowen
455,455,Clifford Robinson
456,456,Dikembe Mutombo
457,457,Kobe Bryant
458,458,Doug Christie
459,459,Metta World Peace
460,460,Bruce Bowen
461,461,Shaquille O'Neal
462,462,Jason Kidd
463,463,Eric Snow
464,464,Andrei Kirilenko
465,465,Tim Duncan
466,466,Theo Ratliff
467,467,Doug Christie
468,468,Jason Kidd
469,469,Tayshaun Prince
470,470,Marcus Camby
471,471,Chauncey Billups
472,472,Andrei Kirilenko
473,473,Jason Kidd
474,474,Dwyane Wade
475,475,Tim Duncan
476,476,Chauncey Billups
477,477,Kevin Garnett
478,478,Marcus Camby
479,479,Tayshaun Prince
480,480,Tayshaun Prince
481,481,Ben Wallace
482,482,Kirk Hinrich
483,483,Jason Kidd
484,484,Tayshaun Prince
485,485,Kevin Garnett
486,486,Shane Battier
487,487,Chris Paul
488,488,Dwight Howard
489,489,Tayshaun Prince
490,490,Raja Bell
491,491,Tim Duncan
492,492,Dwyane Wade
493,493,Rajon Rondo
494,494,Shane Battier
495,495,Metta World Peace
496,496,Tim Duncan
497,497,Dwyane Wade
498,498,Josh Smith
499,499,Anderson Varejao
500,500,Thabo Sefolosha
501,501,Tony Allen
502,502,Chris Paul
503,503,Tyson Chandler
504,504,Andre Iguodala
505,505,Joakim Noah
506,506,Kevin Garnett
507,507,Luol Deng
508,508,Tyson Chandler
509,509,Rajon Rondo
510,510,Kobe Bryant
511,511,Tim Duncan
512,512,Paul George
513,513,Marc Gasol
514,514,Marc Gasol
515,515,Avery Bradley
516,516,Mike Conley
517,517,LeBron James
518,518,Patrick Beverley
519,519,Jimmy Butler
520,520,Kawhi Leonard
521,521,Roy Hibbert
522,522,Anthony Davis
523,523,Jimmy Butler
524,524,Andrew Bogut
525,525,John Wall
526,526,Tim Duncan
527,527,Paul Millsap
528,528,Paul George
529,529,Hassan Whiteside
530,530,Tony Allen
531,531,Jimmy Butler
532,532,Tony Allen
533,533,Danny Green
534,534,Anthony Davis
535,535,Andre Roberson
536,536,Giannis Antetokounmpo
537,537,Joel Embiid
538,538,Draymond Green
539,539,Al Horford
540,540,Dejounte Murray
541,541,Jimmy Butler
542,542,Jrue Holiday
543,543,Klay Thompson
544,544,Joel Embiid
545,545,Draymond Green
546,546,Kawhi Leonard
547,547,Kawhi Leonard
548,548,Brook Lopez
549,549,Bam Adebayo
550,550,Patrick Beverley
551,551,Eric Bledsoe
552,552,Bam Adebayo
553,553,Jimmy Butler
554,554,Joel Embiid
555,555,Matisse Thybulle
556,556,Kawhi Leonard
557,557,Bam Adebayo
558,558,Jrue Holiday
559,559,Matisse Thybulle
560,560,Robert Williams
561,561,Draymond Green
